rank,time_pct,total_ms,instances,avg_us,kernel
1,20.29,673.72,60416,11.15,_w8a8_triton_block_scaled_mm
2,13.64,452.99,22016,20.58,"void marlin_moe_wna16::Marlin<1125899906909960l, 562949953487106l, 1125899906909960l, 2814749767106568l, 128, 1, 8, 4, true, 4, 2, false>(int4 const*, int4 const*, int4*, int4*, int4 const*, float const*, int4 const*, float const*, int4 const*, int const*, int const*, int const*, int const*, float const*, int, bool, int, int, int, int, int*, bool, bool, bool)"
3,5.81,192.93,5334,36.17,_fp8_paged_mqa_logits_kernel
4,5.62,186.60,10414,17.92,_finish_materialized_scores_with_sink_candidate_block_kernel
5,5.05,167.63,11008,15.23,_deepseek_v4_sm12x_fp8_einsum_kernel
6,4.61,153.21,60416,2.54,"void per_token_group_quant_8bit_kernel<c10::BFloat16, __nv_fp8_e4m3, false, false, float>(c10::BFloat16 const*, void*, float*, int, int, int, float, float, float, int, int)"
7,4.51,149.83,16512,9.07,"std::enable_if<!(false), void>::type internal::gemvx::kernel<int, int, __nv_bfloat16, __nv_bfloat16, __nv_bfloat16, float, false, true, true, false, 7, false, cublasGemvParamsEx<int, cublasGemvTensorStridedBatched<__nv_bfloat16 const>, cublasGemvTensorStridedBatched<__nv_bfloat16 const>, cublasGemvTensorStridedBatched<__nv_bfloat16>, float> >(cublasGemvParamsEx<int, cublasGemvTensorStridedBatched<__nv_bfloat16 const>, cublasGemvTensorStridedBatched<__nv_bfloat16 const>, cublasGemvTensorStridedBatched<__nv_bfloat16>, float>)"
8,4.50,149.36,22272,6.71,"void vllm::cross_device_reduce_1stage<__nv_bfloat16, 2>(vllm::RankData*, vllm::RankSignals, vllm::Signal*, __nv_bfloat16*, int, int)"
9,4.47,148.49,73002,2.03,"void at::native::unrolled_elementwise_kernel<at::native::direct_copy_kernel_cuda(at::TensorIteratorBase&)::{lambda()#3}::operator()() const::{lambda()#3}::operator()() const::{lambda(int)#1}, std::array<char*, 2ul>, 4, TrivialOffsetCalculator<1, unsigned int>, TrivialOffsetCalculator<1, unsigned int>, at::native::memory::LoadWithCast<1>, at::native::memory::StoreWithCast<1> >(int, at::native::direct_copy_kernel_cuda(at::TensorIteratorBase&)::{lambda()#3}::operator()() const::{lambda()#3}::operator()() const::{lambda(int)#1}, std::array<char*, 2ul>, TrivialOffsetCalculator<1, unsigned int>, TrivialOffsetCalculator<1, unsigned int>, at::native::memory::LoadWithCast<1>, at::native::memory::StoreWithCast<1>)"
10,3.27,108.42,10414,10.41,"std::enable_if<!(false), void>::type internal::gemvx::kernel<int, int, __nv_bfloat16, float, float, float, false, true, true, false, 7, false, cublasGemvParamsEx<int, cublasGemvTensorStridedBatched<__nv_bfloat16 const>, cublasGemvTensorStridedBatched<float const>, cublasGemvTensorStridedBatched<float>, float> >(cublasGemvParamsEx<int, cublasGemvTensorStridedBatched<__nv_bfloat16 const>, cublasGemvTensorStridedBatched<float const>, cublasGemvTensorStridedBatched<float>, float>)"
11,2.54,84.23,22016,3.83,mhc_pre_big_fuse_tilelang_kernel
12,2.53,84.02,5334,15.75,"std::enable_if<true, void>::type internal::gemvx::kernel<int, int, __nv_bfloat16, float, float, float, true, true, true, false, 8, false, cublasGemvParamsEx<int, cublasGemvTensorStridedBatched<__nv_bfloat16 const>, cublasGemvTensorStridedBatched<float const>, cublasGemvTensorStridedBatched<float>, float> >(cublasGemvParamsEx<int, cublasGemvTensorStridedBatched<__nv_bfloat16 const>, cublasGemvTensorStridedBatched<float const>, cublasGemvTensorStridedBatched<float>, float>)"
13,2.44,80.92,71424,1.13,"void at::native::vectorized_elementwise_kernel<4, at::native::BUnaryFunctor<int, int, int, at::native::lshift_kernel_cuda(at::TensorIteratorBase&)::{lambda()#1}::operator()() const::{lambda()#3}::operator()() const::{lambda(int, int)#1}>, std::array<char*, 2ul> >(int, at::native::BUnaryFunctor<int, int, int, at::native::lshift_kernel_cuda(at::TensorIteratorBase&)::{lambda()#1}::operator()() const::{lambda()#3}::operator()() const::{lambda(int, int)#1}>, std::array<char*, 2ul>)"
14,2.04,67.89,21760,3.12,mhc_fused_tilelang_kernel
15,1.63,54.10,11008,4.91,triton_poi_fused_clamp_mul_silu_slice_0
16,1.19,39.60,11008,3.60,"void vllm::moe::moe_align_block_size_kernel<int>(int const*, int*, int*, int*, int*, int, int, int, int, unsigned long, int*, int, int, bool)"
17,1.19,39.38,15872,2.48,_save_partial_states_kernel
18,1.12,37.33,10240,3.65,"void vllm::moe::topkGatingSoftplusSqrt<8, 256, 4, 16, 32, false, int, float>(float const*, bool const*, float*, int, int*, int*, int, int, int, bool, double, float const*, int const*, int const*)"
19,1.07,35.39,11008,3.22,"void at::native::reduce_kernel<128, 4, at::native::ReduceOp<c10::BFloat16, at::native::func_wrapper_t<c10::BFloat16, at::native::sum_functor<c10::BFloat16, float, c10::BFloat16>::operator()(at::TensorIterator&)::{lambda(float, float)#1}>, unsigned int, c10::BFloat16, 4, 8> >(at::native::ReduceOp<c10::BFloat16, at::native::func_wrapper_t<c10::BFloat16, at::native::sum_functor<c10::BFloat16, float, c10::BFloat16>::operator()(at::TensorIterator&)::{lambda(float, float)#1}>, unsigned int, c10::BFloat16, 4, 8>)"
20,1.01,33.43,10414,3.21,void cutlass::Kernel2<cutlass_80_wmma_tensorop_bf16_s161616gemm_bf16_16x16_128x2_tn_align8>(cutlass_80_wmma_tensorop_bf16_s161616gemm_bf16_16x16_128x2_tn_align8::Params)
21,0.84,27.82,10496,2.65,_fused_kv_compress_norm_rope_insert_sparse_attn
22,0.74,24.71,11008,2.24,"void vllm::deepseek_v4_fused_ops::fusedDeepseekV4QNormRopeKVRopeQuantInsertKernel<c10::BFloat16>(c10::BFloat16*, c10::BFloat16 const*, unsigned char*, long const*, long const*, float const*, float, int, int, int, int, int)"
23,0.73,24.37,508,47.98,_fp8ds_paged_attention_with_sink_multihead_kernel
24,0.67,22.40,11306,1.98,"void at::native::unrolled_elementwise_kernel<at::native::direct_copy_kernel_cuda(at::TensorIteratorBase&)::{lambda()#3}::operator()() const::{lambda()#7}::operator()() const::{lambda(float)#1}, std::array<char*, 2ul>, 4, TrivialOffsetCalculator<1, unsigned int>, TrivialOffsetCalculator<1, unsigned int>, at::native::memory::LoadWithCast<1>, at::native::memory::StoreWithCast<1> >(int, at::native::direct_copy_kernel_cuda(at::TensorIteratorBase&)::{lambda()#3}::operator()() const::{lambda()#7}::operator()() const::{lambda(float)#1}, std::array<char*, 2ul>, TrivialOffsetCalculator<1, unsigned int>, TrivialOffsetCalculator<1, unsigned int>, at::native::memory::LoadWithCast<1>, at::native::memory::StoreWithCast<1>)"
25,0.65,21.69,32938,0.66,"void at::native::vectorized_elementwise_kernel<4, at::native::FillFunctor<c10::BFloat16>, std::array<char*, 1ul> >(int, at::native::FillFunctor<c10::BFloat16>, std::array<char*, 1ul>)"
26,0.59,19.55,10542,1.85,kernel_cutlass_kernel_vllmv1attentionopsdeepseek_v4_opsdequant_gather_k_cutedslDequantGatherKCacheKernel_object_at__tensorptrbf16gmemalign32o512i64div16i64div161_tensorptri8gmemalign32o64_0
27,0.50,16.73,11008,1.52,triton_poi_fused_clamp_copy__mul_silu_slice_0
28,0.48,15.83,11008,1.44,triton_red_fused_moe_forward_shared_rms_norm_0
29,0.47,15.68,21930,0.71,memcpy32_post
30,0.44,14.74,11008,1.34,triton_red_fused_rms_norm_2
31,0.44,14.69,10414,1.41,_dequantize_global_slots_k_kernel
32,0.42,13.98,11008,1.27,_fused_q_kv_rmsnorm_kernel
33,0.42,13.91,17282,0.80,"void at::native::vectorized_elementwise_kernel<4, at::native::FillFunctor<int>, std::array<char*, 1ul> >(int, at::native::FillFunctor<int>, std::array<char*, 1ul>)"
34,0.41,13.51,5376,2.51,_fused_kv_compress_norm_rope_insert_indexer_attn
35,0.40,13.19,11008,1.20,_fused_inv_rope_fp8_quant_per_head
36,0.35,11.52,11008,1.05,"void vllm::moe::count_and_sort_expert_tokens_kernel<int>(int const*, int*, int*, int*, unsigned long, int, int, int, bool)"
37,0.29,9.56,5334,1.79,_compute_global_topk_indices_and_lens_kernel
38,0.27,8.99,5376,1.67,_fused_indexer_q_rope_quant_kernel
39,0.26,8.76,10414,0.84,"void at::native::vectorized_elementwise_kernel<4, at::native::AUnaryFunctor<c10::BFloat16, c10::BFloat16, c10::BFloat16, at::native::binary_internal::MulFunctor<float> >, std::array<char*, 2ul> >(int, at::native::AUnaryFunctor<c10::BFloat16, c10::BFloat16, c10::BFloat16, at::native::binary_internal::MulFunctor<float> >, std::array<char*, 2ul>)"
40,0.26,8.49,10414,0.82,_build_combined_decode_valid_mask_kernel
41,0.25,8.23,11008,0.75,triton_poi_fused_add_all_reduce_1
42,0.21,6.99,256,27.31,"void at::native::(anonymous namespace)::cunn_SoftMaxForward<4, float, float, float, at::native::(anonymous namespace)::SoftMaxForwardEpilogue>(float*, float const*, int)"
43,0.17,5.64,5334,1.06,"void vllm::persistent::persistent_topk_kernel<512, 4u>(vllm::persistent::PersistentTopKParams)"
44,0.14,4.65,256,18.15,"void at::native::reduce_kernel<512, 1, at::native::ReduceOp<float, at::native::ArgMaxOps<float>, unsigned int, long, 4, 4> >(at::native::ReduceOp<float, at::native::ArgMaxOps<float>, unsigned int, long, 4, 4>)"
45,0.09,3.05,256,11.93,ncclDevKernel_AllGather_RING_LL(ncclDevKernelArgsStorage<4096ul>)
46,0.09,2.92,168,17.38,_accumulate_indexed_attention_chunk_kernel
47,0.09,2.84,768,3.70,"void vllm::moe::topkGatingSoftplusSqrt<8, 256, 4, 16, 32, true, int, float>(float const*, bool const*, float*, int, int*, int*, int, int, int, bool, double, float const*, int const*, int const*)"
48,0.06,2.04,256,7.95,hc_head_fuse_tilelang_kernel
49,0.06,1.96,1280,1.53,_compute_slot_mapping_kernel
50,0.05,1.71,336,5.09,void cutlass::Kernel2<cutlass_80_simt_sgemm_128x32_8x5_nn_align1>(cutlass_80_simt_sgemm_128x32_8x5_nn_align1::Params)
51,0.04,1.36,256,5.31,"void at::native::index_elementwise_kernel<128, 4, at::native::gpu_index_kernel<at::native::index_kernel_impl<at::native::OpaqueType<2> >(at::TensorIteratorBase&, c10::ArrayRef<long>, c10::ArrayRef<long>)::{lambda(char*, char const*, long)#1}>(at::TensorIteratorBase&, c10::ArrayRef<long>, c10::ArrayRef<long>, at::native::index_kernel_impl<at::native::OpaqueType<2> >(at::TensorIteratorBase&, c10::ArrayRef<long>, c10::ArrayRef<long>)::{lambda(char*, char const*, long)#1} const&, bool)::{lambda(int)#1}>(long, at::native::gpu_index_kernel<at::native::index_kernel_impl<at::native::OpaqueType<2> >(at::TensorIteratorBase&, c10::ArrayRef<long>, c10::ArrayRef<long>)::{lambda(char*, char const*, long)#1}>(at::TensorIteratorBase&, c10::ArrayRef<long>, c10::ArrayRef<long>, at::native::index_kernel_impl<at::native::OpaqueType<2> >(at::TensorIteratorBase&, c10::ArrayRef<long>, c10::ArrayRef<long>)::{lambda(char*, char const*, long)#1} const&, bool)::{lambda(int)#1})"
52,0.03,1.14,1280,0.89,"void at::native::vectorized_elementwise_kernel<4, at::native::(anonymous namespace)::launch_clamp_scalar(at::TensorIteratorBase&, c10::Scalar, c10::Scalar, at::native::detail::ClampLimits)::{lambda()#1}::operator()() const::{lambda()#3}::operator()() const::{lambda(int)#1}, std::array<char*, 2ul> >(int, at::native::(anonymous namespace)::launch_clamp_scalar(at::TensorIteratorBase&, c10::Scalar, c10::Scalar, at::native::detail::ClampLimits)::{lambda()#1}::operator()() const::{lambda()#3}::operator()() const::{lambda(int)#1}, std::array<char*, 2ul>)"
53,0.03,0.92,82,11.27,void cutlass::Kernel2<cutlass_80_wmma_tensorop_s161616gemm_bf16_32x32_64x1_tn_align8>(cutlass_80_wmma_tensorop_s161616gemm_bf16_32x32_64x1_tn_align8::Params)
54,0.03,0.83,768,1.08,_compressed_slot_mapping_kernel
55,0.02,0.75,512,1.47,"void at::native::unrolled_elementwise_kernel<at::native::direct_copy_kernel_cuda(at::TensorIteratorBase&)::{lambda()#3}::operator()() const::{lambda()#4}::operator()() const::{lambda(long)#1}, std::array<char*, 2ul>, 4, TrivialOffsetCalculator<1, unsigned int>, TrivialOffsetCalculator<1, unsigned int>, at::native::memory::LoadWithCast<1>, at::native::memory::StoreWithCast<1> >(int, at::native::direct_copy_kernel_cuda(at::TensorIteratorBase&)::{lambda()#3}::operator()() const::{lambda()#4}::operator()() const::{lambda(long)#1}, std::array<char*, 2ul>, TrivialOffsetCalculator<1, unsigned int>, TrivialOffsetCalculator<1, unsigned int>, at::native::memory::LoadWithCast<1>, at::native::memory::StoreWithCast<1>)"
56,0.02,0.75,256,2.93,_tf32_hc_prenorm_gemm_kernel
57,0.02,0.75,508,1.47,_compute_swa_indices_and_lens_kernel
58,0.02,0.74,336,2.20,"void at::native::elementwise_kernel<128, 4, at::native::gpu_kernel_impl<at::native::direct_copy_kernel_cuda(at::TensorIteratorBase&)::{lambda()#3}::operator()() const::{lambda()#7}::operator()() const::{lambda(float)#1}>(at::TensorIteratorBase&, at::native::direct_copy_kernel_cuda(at::TensorIteratorBase&)::{lambda()#3}::operator()() const::{lambda()#7}::operator()() const::{lambda(float)#1} const&)::{lambda(int)#1}>(int, at::native::gpu_kernel_impl<at::native::direct_copy_kernel_cuda(at::TensorIteratorBase&)::{lambda()#3}::operator()() const::{lambda()#7}::operator()() const::{lambda(float)#1}>(at::TensorIteratorBase&, at::native::direct_copy_kernel_cuda(at::TensorIteratorBase&)::{lambda()#3}::operator()() const::{lambda()#7}::operator()() const::{lambda(float)#1} const&)::{lambda(int)#1})"
59,0.02,0.66,592,1.12,"void at::native::vectorized_elementwise_kernel<4, at::native::BUnaryFunctor<int, int, int, at::native::binary_internal::div_floor_kernel_cuda(at::TensorIteratorBase&)::{lambda()#1}::operator()() const::{lambda()#3}::operator()() const::{lambda(int, int)#1}>, std::array<char*, 2ul> >(int, at::native::BUnaryFunctor<int, int, int, at::native::binary_internal::div_floor_kernel_cuda(at::TensorIteratorBase&)::{lambda()#1}::operator()() const::{lambda()#3}::operator()() const::{lambda(int, int)#1}>, std::array<char*, 2ul>)"
60,0.02,0.59,256,2.31,mhc_post_tilelang_kernel
61,0.02,0.58,128,4.51,void cutlass::Kernel2<cutlass_80_wmma_tensorop_bf16_s161616gemm_bf16_32x32_128x2_tn_align8>(cutlass_80_wmma_tensorop_bf16_s161616gemm_bf16_32x32_128x2_tn_align8::Params)
62,0.02,0.56,768,0.73,"void at::native::vectorized_elementwise_kernel<2, at::native::FillFunctor<long>, std::array<char*, 1ul> >(int, at::native::FillFunctor<long>, std::array<char*, 1ul>)"
63,0.02,0.55,256,2.14,"void at::native::index_elementwise_kernel<128, 4, at::native::gpu_index_kernel<at::native::index_kernel_impl<at::native::OpaqueType<4> >(at::TensorIteratorBase&, c10::ArrayRef<long>, c10::ArrayRef<long>)::{lambda(char*, char const*, long)#1}>(at::TensorIteratorBase&, c10::ArrayRef<long>, c10::ArrayRef<long>, at::native::index_kernel_impl<at::native::OpaqueType<4> >(at::TensorIteratorBase&, c10::ArrayRef<long>, c10::ArrayRef<long>)::{lambda(char*, char const*, long)#1} const&, bool)::{lambda(int)#1}>(long, at::native::gpu_index_kernel<at::native::index_kernel_impl<at::native::OpaqueType<4> >(at::TensorIteratorBase&, c10::ArrayRef<long>, c10::ArrayRef<long>)::{lambda(char*, char const*, long)#1}>(at::TensorIteratorBase&, c10::ArrayRef<long>, c10::ArrayRef<long>, at::native::index_kernel_impl<at::native::OpaqueType<4> >(at::TensorIteratorBase&, c10::ArrayRef<long>, c10::ArrayRef<long>)::{lambda(char*, char const*, long)#1} const&, bool)::{lambda(int)#1})"
64,0.02,0.55,84,6.51,"void at::native::sbtopk::gatherTopK<float, unsigned int, 2, false>(at::cuda::detail::TensorInfo<float const, unsigned int>, unsigned int, unsigned int, bool, unsigned int, unsigned int, at::cuda::detail::TensorInfo<float, unsigned int>, unsigned int, at::cuda::detail::TensorInfo<long, unsigned int>, unsigned int, float*)"
65,0.02,0.54,764,0.71,"void at::native::unrolled_elementwise_kernel<at::native::FillFunctor<int>, std::array<char*, 1ul>, 4, TrivialOffsetCalculator<0, unsigned int>, TrivialOffsetCalculator<1, unsigned int>, at::native::memory::LoadWithoutCast, at::native::memory::StoreWithoutCast>(int, at::native::FillFunctor<int>, std::array<char*, 1ul>, TrivialOffsetCalculator<0, unsigned int>, TrivialOffsetCalculator<1, unsigned int>, at::native::memory::LoadWithoutCast, at::native::memory::StoreWithoutCast)"
66,0.02,0.50,462,1.09,"void at::native::elementwise_kernel<128, 2, at::native::gpu_kernel_impl_nocast<at::native::direct_copy_kernel_cuda(at::TensorIteratorBase&)::{lambda()#3}::operator()() const::{lambda()#7}::operator()() const::{lambda(float)#1}>(at::TensorIteratorBase&, at::native::direct_copy_kernel_cuda(at::TensorIteratorBase&)::{lambda()#3}::operator()() const::{lambda()#7}::operator()() const::{lambda(float)#1} const&)::{lambda(int)#1}>(int, at::native::gpu_kernel_impl_nocast<at::native::direct_copy_kernel_cuda(at::TensorIteratorBase&)::{lambda()#3}::operator()() const::{lambda()#7}::operator()() const::{lambda(float)#1}>(at::TensorIteratorBase&, at::native::direct_copy_kernel_cuda(at::TensorIteratorBase&)::{lambda()#3}::operator()() const::{lambda()#7}::operator()() const::{lambda(float)#1} const&)::{lambda(int)#1})"
67,0.01,0.48,512,0.94,"void at::native::vectorized_elementwise_kernel<4, at::native::compare_scalar_kernel<long>(at::TensorIteratorBase&, at::native::(anonymous namespace)::OpType, long)::{lambda(long)#1}, std::array<char*, 2ul> >(int, at::native::compare_scalar_kernel<long>(at::TensorIteratorBase&, at::native::(anonymous namespace)::OpType, long)::{lambda(long)#1}, std::array<char*, 2ul>)"
68,0.01,0.47,336,1.39,"void at::native::reduce_kernel<512, 1, at::native::ReduceOp<float, at::native::func_wrapper_t<float, at::native::sum_functor<float, float, float>::operator()(at::TensorIterator&)::{lambda(float, float)#1}>, unsigned int, float, 4, 4> >(at::native::ReduceOp<float, at::native::func_wrapper_t<float, at::native::sum_functor<float, float, float>::operator()(at::TensorIterator&)::{lambda(float, float)#1}>, unsigned int, float, 4, 4>)"
69,0.01,0.45,256,1.78,"void at::native::vectorized_elementwise_kernel<4, at::native::BinaryFunctor<float, float, float, at::native::binary_internal::DivFunctor<float> >, std::array<char*, 3ul> >(int, at::native::BinaryFunctor<float, float, float, at::native::binary_internal::DivFunctor<float> >, std::array<char*, 3ul>)"
70,0.01,0.43,42,10.27,void cutlass::Kernel2<cutlass_80_wmma_tensorop_s161616gemm_bf16_16x16_128x2_tn_align8>(cutlass_80_wmma_tensorop_s161616gemm_bf16_16x16_128x2_tn_align8::Params)
71,0.01,0.42,42,10.00,"void at::native::radixSortKVInPlace<2, -1, 32, 32, float, long, unsigned int>(at::cuda::detail::TensorInfo<float, unsigned int>, unsigned int, unsigned int, unsigned int, at::cuda::detail::TensorInfo<long, unsigned int>, unsigned int, bool)"
72,0.01,0.42,378,1.10,"void at::native::elementwise_kernel<128, 2, at::native::gpu_kernel_impl_nocast<at::native::BinaryFunctor<float, float, float, at::native::binary_internal::MulFunctor<float> > >(at::TensorIteratorBase&, at::native::BinaryFunctor<float, float, float, at::native::binary_internal::MulFunctor<float> > const&)::{lambda(int)#1}>(int, at::native::gpu_kernel_impl_nocast<at::native::BinaryFunctor<float, float, float, at::native::binary_internal::MulFunctor<float> > >(at::TensorIteratorBase&, at::native::BinaryFunctor<float, float, float, at::native::binary_internal::MulFunctor<float> > const&)::{lambda(int)#1})"
73,0.01,0.41,256,1.58,triton_red_fused_rms_norm_3
74,0.01,0.39,256,1.54,"void at::native::(anonymous namespace)::distribution_elementwise_grid_stride_kernel<float, 4, at::native::templates::cuda::uniform_and_transform<float, float, at::CUDAGeneratorImpl*, at::native::templates::cuda::exponential_kernel<at::CUDAGeneratorImpl*>(at::TensorIteratorBase&, double, at::CUDAGeneratorImpl*)::{lambda()#1}::operator()() const::{lambda()#2}::operator()() const::{lambda(float)#1}>(at::TensorIteratorBase&, at::CUDAGeneratorImpl*, at::native::templates::cuda::exponential_kernel<at::CUDAGeneratorImpl*>(at::TensorIteratorBase&, double, at::CUDAGeneratorImpl*)::{lambda()#1}::operator()() const::{lambda()#2}::operator()() const::{lambda(float)#1})::{lambda(curandStatePhilox4_32_10*)#2}, at::native::(anonymous namespace)::distribution_nullary_kernel<float, float, float4, at::CUDAGeneratorImpl*, at::native::templates::cuda::uniform_and_transform<float, float, at::CUDAGeneratorImpl*, at::native::templates::cuda::exponential_kernel<at::CUDAGeneratorImpl*>(at::TensorIteratorBase&, double, at::CUDAGeneratorImpl*)::{lambda()#1}::operator()() const::{lambda()#2}::operator()() const::{lambda(float)#1}>(at::TensorIteratorBase&, at::CUDAGeneratorImpl*, at::native::templates::cuda::exponential_kernel<at::CUDAGeneratorImpl*>(at::TensorIteratorBase&, double, at::CUDAGeneratorImpl*)::{lambda()#1}::operator()() const::{lambda()#2}::operator()() const::{lambda(float)#1})::{lambda(curandStatePhilox4_32_10*)#2}, at::native::templates::cuda::exponential_kernel<at::CUDAGeneratorImpl*>(at::TensorIteratorBase&, double, at::CUDAGeneratorImpl*)::{lambda()#1}::operator()() const::{lambda()#2}::operator()() const::{lambda(float)#1}>(at::TensorIteratorBase&, at::CUDAGeneratorImpl*, at::native::templates::cuda::uniform_and_transform<float, float, at::CUDAGeneratorImpl*, at::native::templates::cuda::exponential_kernel<at::CUDAGeneratorImpl*>(at::TensorIteratorBase&, double, at::CUDAGeneratorImpl*)::{lambda()#1}::operator()() const::{lambda()#2}::operator()() const::{lambda(float)#1}>(at::TensorIteratorBase&, at::CUDAGeneratorImpl*, at::native::templates::cuda::exponential_kernel<at::CUDAGeneratorImpl*>(at::TensorIteratorBase&, double, at::CUDAGeneratorImpl*)::{lambda()#1}::operator()() const::{lambda()#2}::operator()() const::{lambda(float)#1})::{lambda(curandStatePhilox4_32_10*)#2} const&, at::native::templates::cuda::exponential_kernel<at::CUDAGeneratorImpl*>(at::TensorIteratorBase&, double, at::CUDAGeneratorImpl*)::{lambda()#1}::operator()() const::{lambda()#2}::operator()() const::{lambda(float)#1})::{lambda(int, float)#1}>(long, at::PhiloxCudaState, at::native::templates::cuda::uniform_and_transform<float, float, at::CUDAGeneratorImpl*, at::native::templates::cuda::exponential_kernel<at::CUDAGeneratorImpl*>(at::TensorIteratorBase&, double, at::CUDAGeneratorImpl*)::{lambda()#1}::operator()() const::{lambda()#2}::operator()() const::{lambda(float)#1}>(at::TensorIteratorBase&, at::CUDAGeneratorImpl*, at::native::templates::cuda::exponential_kernel<at::CUDAGeneratorImpl*>(at::TensorIteratorBase&, double, at::CUDAGeneratorImpl*)::{lambda()#1}::operator()() const::{lambda()#2}::operator()() const::{lambda(float)#1})::{lambda(curandStatePhilox4_32_10*)#2}, at::native::(anonymous namespace)::distribution_nullary_kernel<float, float, float4, at::CUDAGeneratorImpl*, at::native::templates::cuda::uniform_and_transform<float, float, at::CUDAGeneratorImpl*, at::native::templates::cuda::exponential_kernel<at::CUDAGeneratorImpl*>(at::TensorIteratorBase&, double, at::CUDAGeneratorImpl*)::{lambda()#1}::operator()() const::{lambda()#2}::operator()() const::{lambda(float)#1}>(at::TensorIteratorBase&, at::CUDAGeneratorImpl*, at::native::templates::cuda::exponential_kernel<at::CUDAGeneratorImpl*>(at::TensorIteratorBase&, double, at::CUDAGeneratorImpl*)::{lambda()#1}::operator()() const::{lambda()#2}::operator()() const::{lambda(float)#1})::{lambda(curandStatePhilox4_32_10*)#2}, at::native::templates::cuda::exponential_kernel<at::CUDAGeneratorImpl*>(at::TensorIteratorBase&, double, at::CUDAGeneratorImpl*)::{lambda()#1}::operator()() const::{lambda()#2}::operator()() const::{lambda(float)#1}>(at::TensorIteratorBase&, at::CUDAGeneratorImpl*, at::native::templates::cuda::uniform_and_transform<float, float, at::CUDAGeneratorImpl*, at::native::templates::cuda::exponential_kernel<at::CUDAGeneratorImpl*>(at::TensorIteratorBase&, double, at::CUDAGeneratorImpl*)::{lambda()#1}::operator()() const::{lambda()#2}::operator()() const::{lambda(float)#1}>(at::TensorIteratorBase&, at::CUDAGeneratorImpl*, at::native::templates::cuda::exponential_kernel<at::CUDAGeneratorImpl*>(at::TensorIteratorBase&, double, at::CUDAGeneratorImpl*)::{lambda()#1}::operator()() const::{lambda()#2}::operator()() const::{lambda(float)#1})::{lambda(curandStatePhilox4_32_10*)#2} const&, at::native::templates::cuda::exponential_kernel<at::CUDAGeneratorImpl*>(at::TensorIteratorBase&, double, at::CUDAGeneratorImpl*)::{lambda()#1}::operator()() const::{lambda()#2}::operator()() const::{lambda(float)#1})::{lambda(int, float)#1})"
75,0.01,0.39,256,1.51,_build_c128a_topk_metadata_kernel
76,0.01,0.37,256,1.43,"void at::native::elementwise_kernel<128, 2, at::native::gpu_kernel_impl_nocast<at::native::BinaryFunctor<float, float, float, at::native::binary_internal::DivFunctor<float> > >(at::TensorIteratorBase&, at::native::BinaryFunctor<float, float, float, at::native::binary_internal::DivFunctor<float> > const&)::{lambda(int)#1}>(int, at::native::gpu_kernel_impl_nocast<at::native::BinaryFunctor<float, float, float, at::native::binary_internal::DivFunctor<float> > >(at::TensorIteratorBase&, at::native::BinaryFunctor<float, float, float, at::native::binary_internal::DivFunctor<float> > const&)::{lambda(int)#1})"
77,0.01,0.35,256,1.35,triton_poi_fused_add_all_reduce_bitwise_and_bitwise_not_bitwise_or_embedding_ge_lt_masked_fill_mul_sub_unsqueeze_0
78,0.01,0.33,336,0.97,"void at::native::vectorized_elementwise_kernel<4, at::native::(anonymous namespace)::launch_clamp_scalar(at::TensorIteratorBase&, c10::Scalar, c10::Scalar, at::native::detail::ClampLimits)::{lambda()#1}::operator()() const::{lambda()#7}::operator()() const::{lambda(float)#1}, std::array<char*, 2ul> >(int, at::native::(anonymous namespace)::launch_clamp_scalar(at::TensorIteratorBase&, c10::Scalar, c10::Scalar, at::native::detail::ClampLimits)::{lambda()#1}::operator()() const::{lambda()#7}::operator()() const::{lambda(float)#1}, std::array<char*, 2ul>)"
79,0.01,0.30,128,2.33,"void cublasLt::splitKreduce_kernel<32, 16, int, __nv_bfloat16, __nv_bfloat16, float, __nv_bfloat16, false, __nv_bfloat16, __nv_bfloat16, __nv_bfloat16, true, false, false, false>(cublasLt::cublasSplitKParams<float>, __nv_bfloat16 const*, __nv_bfloat16 const*, __nv_bfloat16*, __nv_bfloat16*, float const*, float const*, __nv_bfloat16 const*, __nv_bfloat16 const*, __nv_bfloat16*, void*, long, float*, int*, float*, float*, float const*, float const*, float const*, float const*, float const*)"
80,0.01,0.29,336,0.87,"void at::native::vectorized_elementwise_kernel<4, at::native::CUDAFunctor_add<float>, std::array<char*, 3ul> >(int, at::native::CUDAFunctor_add<float>, std::array<char*, 3ul>)"
81,0.01,0.29,256,1.13,"void at::native::vectorized_elementwise_kernel<4, at::native::CUDAFunctor_add<int>, std::array<char*, 3ul> >(int, at::native::CUDAFunctor_add<int>, std::array<char*, 3ul>)"
82,0.01,0.29,256,1.12,"void at::native::vectorized_elementwise_kernel<2, at::native::CUDAFunctor_add<long>, std::array<char*, 3ul> >(int, at::native::CUDAFunctor_add<long>, std::array<char*, 3ul>)"
83,0.01,0.26,342,0.75,"void at::native::vectorized_elementwise_kernel<4, at::native::FillFunctor<float>, std::array<char*, 1ul> >(int, at::native::FillFunctor<float>, std::array<char*, 1ul>)"
84,0.01,0.24,124,1.93,"void cublasLt::splitKreduce_kernel<32, 16, int, float, float, float, float, false, float, float, float, true, false, false, false>(cublasLt::cublasSplitKParams<float>, float const*, float const*, float*, float*, float const*, float const*, float const*, float const*, float*, void*, long, float*, int*, float*, float*, float const*, float const*, float const*, float const*, float const*)"
85,0.01,0.22,256,0.85,"void at::native::unrolled_elementwise_kernel<at::native::CUDAFunctorOnSelf_add<int>, std::array<char*, 2ul>, 4, TrivialOffsetCalculator<1, unsigned int>, TrivialOffsetCalculator<1, unsigned int>, at::native::memory::LoadWithoutCast, at::native::memory::StoreWithoutCast>(int, at::native::CUDAFunctorOnSelf_add<int>, std::array<char*, 2ul>, TrivialOffsetCalculator<1, unsigned int>, TrivialOffsetCalculator<1, unsigned int>, at::native::memory::LoadWithoutCast, at::native::memory::StoreWithoutCast)"
86,0.01,0.21,254,0.83,"void at::native::unrolled_elementwise_kernel<at::native::CUDAFunctor_add<int>, std::array<char*, 3ul>, 4, TrivialOffsetCalculator<2, unsigned int>, TrivialOffsetCalculator<1, unsigned int>, at::native::memory::LoadWithoutCast, at::native::memory::StoreWithoutCast>(int, at::native::CUDAFunctor_add<int>, std::array<char*, 3ul>, TrivialOffsetCalculator<2, unsigned int>, TrivialOffsetCalculator<1, unsigned int>, at::native::memory::LoadWithoutCast, at::native::memory::StoreWithoutCast)"
87,0.01,0.18,256,0.72,triton_poi_fused_repeat_unsqueeze_1
88,0.01,0.18,256,0.69,triton_poi_fused_view_2
89,0.00,0.16,42,3.92,"void at::native::_scatter_gather_elementwise_kernel<128, 8, at::native::_cuda_scatter_gather_internal_kernel<false, at::native::OpaqueType<4>, long>::operator()<at::native::TensorAssign>(at::TensorIterator&, long, long, long, at::native::TensorAssign const&)::{lambda(int)#1}>(int, at::native::_cuda_scatter_gather_internal_kernel<false, at::native::OpaqueType<4>, long>::operator()<at::native::TensorAssign>(at::TensorIterator&, long, long, long, at::native::TensorAssign const&)::{lambda(int)#1})"
90,0.00,0.15,86,1.70,"void at::native::elementwise_kernel<128, 4, at::native::gpu_kernel_impl_nocast<at::native::direct_copy_kernel_cuda(at::TensorIteratorBase&)::{lambda()#3}::operator()() const::{lambda()#12}::operator()() const::{lambda(c10::BFloat16)#1}>(at::TensorIteratorBase&, at::native::direct_copy_kernel_cuda(at::TensorIteratorBase&)::{lambda()#3}::operator()() const::{lambda()#12}::operator()() const::{lambda(c10::BFloat16)#1} const&)::{lambda(int)#1}>(int, at::native::gpu_kernel_impl_nocast<at::native::direct_copy_kernel_cuda(at::TensorIteratorBase&)::{lambda()#3}::operator()() const::{lambda()#12}::operator()() const::{lambda(c10::BFloat16)#1}>(at::TensorIteratorBase&, at::native::direct_copy_kernel_cuda(at::TensorIteratorBase&)::{lambda()#3}::operator()() const::{lambda()#12}::operator()() const::{lambda(c10::BFloat16)#1} const&)::{lambda(int)#1})"
91,0.00,0.14,86,1.69,_finish_attention_state_with_sink_kernel
92,0.00,0.13,42,3.20,"void at::native::bitonicSortKVInPlace<2, -1, 16, 16, float, long, at::native::GTOp<float, true>, unsigned int>(at::cuda::detail::TensorInfo<float, unsigned int>, unsigned int, unsigned int, unsigned int, at::cuda::detail::TensorInfo<long, unsigned int>, unsigned int, at::native::GTOp<float, true>)"
93,0.00,0.11,84,1.32,"void at::native::elementwise_kernel<128, 4, at::native::gpu_kernel_impl<at::native::(anonymous namespace)::CompareFunctor<long> >(at::TensorIteratorBase&, at::native::(anonymous namespace)::CompareFunctor<long> const&)::{lambda(int)#1}>(int, at::native::gpu_kernel_impl<at::native::(anonymous namespace)::CompareFunctor<long> >(at::TensorIteratorBase&, at::native::(anonymous namespace)::CompareFunctor<long> const&)::{lambda(int)#1})"
94,0.00,0.10,86,1.18,_combine_topk_swa_indices_kernel
95,0.00,0.10,86,1.15,"void at::native::elementwise_kernel<128, 4, at::native::gpu_kernel_impl_nocast<at::native::FillFunctor<c10::BFloat16> >(at::TensorIteratorBase&, at::native::FillFunctor<c10::BFloat16> const&)::{lambda(int)#1}>(int, at::native::gpu_kernel_impl_nocast<at::native::FillFunctor<c10::BFloat16> >(at::TensorIteratorBase&, at::native::FillFunctor<c10::BFloat16> const&)::{lambda(int)#1})"
96,0.00,0.09,42,2.11,"void vllm::cp_gather_indexer_k_quant_cache_kernel<1>(char const*, char*, char*, int const*, int const*, int, long, long, long, long, long, int, int, int)"
97,0.00,0.08,84,1.01,"void at::native::elementwise_kernel<128, 2, at::native::gpu_kernel_impl_nocast<at::native::direct_copy_kernel_cuda(at::TensorIteratorBase&)::{lambda()#3}::operator()() const::{lambda()#3}::operator()() const::{lambda(int)#1}>(at::TensorIteratorBase&, at::native::direct_copy_kernel_cuda(at::TensorIteratorBase&)::{lambda()#3}::operator()() const::{lambda()#3}::operator()() const::{lambda(int)#1} const&)::{lambda(int)#1}>(int, at::native::gpu_kernel_impl_nocast<at::native::direct_copy_kernel_cuda(at::TensorIteratorBase&)::{lambda()#3}::operator()() const::{lambda()#3}::operator()() const::{lambda(int)#1}>(at::TensorIteratorBase&, at::native::direct_copy_kernel_cuda(at::TensorIteratorBase&)::{lambda()#3}::operator()() const::{lambda()#3}::operator()() const::{lambda(int)#1} const&)::{lambda(int)#1})"
98,0.00,0.08,84,0.91,"void at::native::vectorized_elementwise_kernel<4, at::native::bitwise_not_kernel_cuda(at::TensorIteratorBase&)::{lambda(bool)#1}, std::array<char*, 2ul> >(int, at::native::bitwise_not_kernel_cuda(at::TensorIteratorBase&)::{lambda(bool)#1}, std::array<char*, 2ul>)"
99,0.00,0.05,40,1.14,kernel_cutlass_kernel_vllmv1attentionopsdeepseek_v4_opsdequant_gather_k_cutedslDequantGatherKCacheKernel_object_at__tensorptrbf16gmemalign32o512i64div16i64div161_tensorptri8gmemalign32o25_0
100,0.00,0.04,42,1.02,"void at::native::vectorized_elementwise_kernel<4, at::native::BinaryFunctor<bool, bool, bool, at::native::binary_internal::MulFunctor<bool> >, std::array<char*, 3ul> >(int, at::native::BinaryFunctor<bool, bool, bool, at::native::binary_internal::MulFunctor<bool> >, std::array<char*, 3ul>)"
101,0.00,0.04,42,1.01,"void at::native::vectorized_elementwise_kernel<4, at::native::(anonymous namespace)::masked_fill_kernel(at::TensorIterator&, c10::Scalar const&)::{lambda()#1}::operator()() const::{lambda()#3}::operator()() const::{lambda(int, bool)#1}, std::array<char*, 3ul> >(int, at::native::(anonymous namespace)::masked_fill_kernel(at::TensorIterator&, c10::Scalar const&)::{lambda()#1}::operator()() const::{lambda()#3}::operator()() const::{lambda(int, bool)#1}, std::array<char*, 3ul>)"
102,0.00,0.04,42,0.97,"void at::native::vectorized_elementwise_kernel<4, at::native::BinaryFunctor<float, float, bool, at::native::(anonymous namespace)::CompareEqFunctor<float> >, std::array<char*, 3ul> >(int, at::native::BinaryFunctor<float, float, bool, at::native::(anonymous namespace)::CompareEqFunctor<float> >, std::array<char*, 3ul>)"
103,0.00,0.04,42,0.97,"void at::native::vectorized_elementwise_kernel<4, at::native::AUnaryFunctor<float, float, bool, at::native::(anonymous namespace)::CompareEqFunctor<float> >, std::array<char*, 2ul> >(int, at::native::AUnaryFunctor<float, float, bool, at::native::(anonymous namespace)::CompareEqFunctor<float> >, std::array<char*, 2ul>)"
104,0.00,0.04,42,0.96,"void at::native::vectorized_elementwise_kernel<4, at::native::AbsFunctor<float>, std::array<char*, 2ul> >(int, at::native::AbsFunctor<float>, std::array<char*, 2ul>)"
105,0.00,0.04,42,0.93,"void at::native::vectorized_elementwise_kernel<4, at::native::BinaryFunctor<bool, bool, bool, at::native::BitwiseAndFunctor<bool> >, std::array<char*, 3ul> >(int, at::native::BinaryFunctor<bool, bool, bool, at::native::BitwiseAndFunctor<bool> >, std::array<char*, 3ul>)"
106,0.00,0.04,42,0.90,"void at::native::vectorized_elementwise_kernel<4, at::native::(anonymous namespace)::masked_fill_kernel(at::TensorIterator&, c10::Scalar const&)::{lambda()#1}::operator()() const::{lambda()#7}::operator()() const::{lambda(float, bool)#1}, std::array<char*, 3ul> >(int, at::native::(anonymous namespace)::masked_fill_kernel(at::TensorIterator&, c10::Scalar const&)::{lambda()#1}::operator()() const::{lambda()#7}::operator()() const::{lambda(float, bool)#1}, std::array<char*, 3ul>)"
107,0.00,0.03,42,0.83,"void at::native::vectorized_elementwise_kernel<4, at::native::CUDAFunctorOnSelf_add<int>, std::array<char*, 2ul> >(int, at::native::CUDAFunctorOnSelf_add<int>, std::array<char*, 2ul>)"
108,0.00,0.03,42,0.69,"void (anonymous namespace)::elementwise_kernel_with_index<int, at::native::arange_cuda_out(c10::Scalar const&, c10::Scalar const&, c10::Scalar const&, at::Tensor&)::{lambda()#1}::operator()() const::{lambda()#4}::operator()() const::{lambda(long)#1}>(int, at::native::arange_cuda_out(c10::Scalar const&, c10::Scalar const&, c10::Scalar const&, at::Tensor&)::{lambda()#1}::operator()() const::{lambda()#4}::operator()() const::{lambda(long)#1}, function_traits<at::native::arange_cuda_out(c10::Scalar const&, c10::Scalar const&, c10::Scalar const&, at::Tensor&)::{lambda()#1}::operator()() const::{lambda()#4}::operator()() const::{lambda(long)#1}>::result_type*)"
109,0.00,0.00,4,0.70,_compute_prefill_metadata_kernel
110,0.00,0.00,2,1.23,"void at_cuda_detail::cub::detail::scan::DeviceScanKernel<at_cuda_detail::cub::detail::scan::policy_hub<int, int, int, unsigned int, std::plus<int> >::Policy1000, int const*, int*, at_cuda_detail::cub::ScanTileState<int, true>, std::plus<int>, at_cuda_detail::cub::NullType, unsigned int, int, false, at_cuda_detail::cub::NullType>(int const*, int*, at_cuda_detail::cub::ScanTileState<int, true>, int, std::plus<int>, at_cuda_detail::cub::NullType, unsigned int)"
111,0.00,0.00,2,1.02,_build_prefill_chunk_metadata_kernel
112,0.00,0.00,2,0.90,"void at::native::elementwise_kernel<128, 2, at::native::gpu_kernel_impl_nocast<at::native::CUDAFunctor_add<int> >(at::TensorIteratorBase&, at::native::CUDAFunctor_add<int> const&)::{lambda(int)#1}>(int, at::native::gpu_kernel_impl_nocast<at::native::CUDAFunctor_add<int> >(at::TensorIteratorBase&, at::native::CUDAFunctor_add<int> const&)::{lambda(int)#1})"
113,0.00,0.00,2,0.70,"void at_cuda_detail::cub::detail::scan::DeviceScanInitKernel<at_cuda_detail::cub::ScanTileState<int, true> >(at_cuda_detail::cub::ScanTileState<int, true>, int)"
114,0.00,0.00,2,0.67,"void at::native::unrolled_elementwise_kernel<at::native::FillFunctor<long>, std::array<char*, 1ul>, 4, TrivialOffsetCalculator<0, unsigned int>, TrivialOffsetCalculator<1, unsigned int>, at::native::memory::LoadWithoutCast, at::native::memory::StoreWithoutCast>(int, at::native::FillFunctor<long>, std::array<char*, 1ul>, TrivialOffsetCalculator<0, unsigned int>, TrivialOffsetCalculator<1, unsigned int>, at::native::memory::LoadWithoutCast, at::native::memory::StoreWithoutCast)"
